owner_name,owner_address,mailing_address,portfolio_size,investor_score
ARDMORE PROPERTY LLC,3809 CLARKS LN STE 100,,348,84
SOUTH 20TH STREET PROPERTIES LLC,5000 ARLINGTON CENTRE BLVD,,312,80
ELAN PARK HOLDING LLC,750 COMMUNICATIONS PKWY SUITE 200,750 COMMUNICATIONS PKWY STE 200,252,84
XANDER ON STATE HOLDING LLC,10573 W PICO BLVD  PMB #603,10573 W PICO BLVD,229,80
BTR SUTTON SQUARE PROPERTY LLC,C/O BTR MANAGEMENT  842 LUBLIN TERRACE,PO BOX 9202,200,80
VINEBROOK HOMES BORROWER 1 LLC,3500 PARK CENTER DR STE#100,16220 N SCOTTSDALE RD STE 650,179,84
COLUMBUS PROPERTIES KP6 LLC,ONE TOWN CENTER ROAD SUITE 300,,143,84
ROG HOLDINGS LLC,380 POLARIS PARKWAY SUITE 135,380 POLARIS PARKWAY STE 135,107,84
VINEBROOK HOMES BORROWER 2 LLC,3500 PARK CENTER DR STE 100,16220 N SCOTTSDALE RD STE 650,96,84
KSI REALTY HOLDINGS LLC,1820 NORTHWEST BLVD STE 200,5338 STOCKTON CT,82,84
JOVIE INVESTMENTS-EPOCH LLC,3688 CLEVELAND AVE,1303 121ST AVE SE,73,80
BHT PROPERTIES LLC,3500 CEMETERY RD,3500 CEMETERY ROAD,72,80
DF PREMIER HOMES LLC,"320 CENTRAL  AVE., #211",PO BOX 340650,68,80
ELKAH BROTHERS REALTY LLC,PO BOX 247555,148 CYPRESS ST SW,60,86
GDT PROPERTIES LLC,3500 CEMETERY RD,3500 CEMETERY ROAD,54,80
OLENTANGY OWNERSHIP HOLDING CO LLC,380 POLARIS PKWY STE 135,,53,81
COMMUNITY PROPERTIES REVITALIZATION I LLC,671 S HIGH ST # 6,2001 ROSS AVENUE STE 1900,53,80
ELIM ESTATES HOMES LLC,3443 AGLER RD,160 W MAIN ST STE 200,49,80
WINDWOOD PROPERTIES LLC,7118 STERTZ RD,7118 STEITZ ROAD,41,80
MARBLE PROPERTIES LLC,PO BOX 80,PO BOX 820,41,81
WHITTIER LANDING HOMES LLC,3443 AGLER RD,370 S 5TH ST SUITE 2,41,80
WEINLAND PARK HOMES LLC,5309 TRANSPORTATION BLVD,PO BOX 2418,40,80
BOULEVARD HOMES LLC,5309 TRANSPORTATION BLVD,PO BOX 2418,40,80
HILLTOP HOMES II LLC,3443 AGLER RD,370 S 5TH ST SUITE 2,39,80
DONAHEY PROPERTIES LLC,471 E BROAD ST SUITE 1520,471 E BROAD ST STE 1520,38,84
INN TOWN HOLDINGS II LLC,442 NORTHWOOD AVE,442 E NORTHWOOD AVE,38,80
SCHWARTZ RENTAL LLC,PO BOX 13256,74 GOLF ESTATES DR,38,86
CAPGROW HOLDINGS JV SUB IX LLC,320 N OHIO ST STE#650N,320 W OHIO ST STE 650,38,84
SOUTHERN GATEWAY HOMES LLC,5309 TRANSPORTATION BLVD,PO BOX 2418,37,80
HWG PROPERTIES LLC,2163 SOUTH PARK AVENUE,PO BOX 9202,36,80
KENMORE REALTY LLC,P.O. BOX 307144,PO BOX 307144,36,86
DUXBERRY LANDING HOMES LLC,3443 AGLER RD,370 S 5TH ST SUITE 2,35,80
LEGACY HOME INVESTMENTS LLC,1600 SOUTH 6TH ST,901 CORPORATE CENTER DR,35,80
KJB HOMES LLC,PO BOX 1857,PO BOX 1857,35,81
DEQSAN REALTY LLC,5709 GREAT HALL COURT,5709 GREAT HALL CT,35,80
CITY VIEW HOMES LLC,3443 AGLER RD,370 S 5TH ST SUITE 2,34,80
R & S REALTY INVESTMENT LLC,4608 INDIANOLA AVE   SUITE B,PO BOX 82560,34,80
LEVELGREEN HOMES LLC,3443 AGLER RD,370 S 5TH ST SUITE 2,33,80
TH PROPERTY OWNER I LLC,PO BOX 130,PO BOX 130,33,86
ASWL PROPERTIES LLC,2163 SOUTH PARK AVENUE,PO BOX 9202,32,80
B A RHOADS INVESTMENTS LLC,2143 SUTTER PKWY,PO BOX 10069,31,80
C&M INVESTMENTS OHIO LLC,2590 SUMMIT STREET,13920 TAYLOR RD SW,31,80
C&W INVESTMENT CO 2 LLC,"1020 DENNISON AVE, SUITE 102",1086 N 4TH ST STE 109,30,81
MILO-GROGAN HOMES LLC,3443 AGLER RD,370 S 5TH ST SUITE 2,29,80
SUMMERFIELD HOMES LLC,671 S HIGH ST # 6,2001 ROSS AVENUE STE 1900,29,80
TMDW PROPERTIES LLC,2163 S PARK AVE,PO BOX 9202,28,80
ROBERT SS PROPERTIES LLC,815 N HIGH ST STE R,815 N HIGH STREET STE R,26,80
ALPETT PROPERTIES LLC,4991 MENGEL LN,2209 SANDOVER RD,26,80
SPRUCE BOUGH HOMES LLC,671 S HIGH ST STE 600,910 E BROAD ST,26,84
OHIO CAPITAL DEVELOPMENTS LLC,148 N HIGH ST,PO BOX 30929,25,80
KAP PROPERTIES LLC,P.O. BOX 316,901 CORPORATE CENTER DR,24,83
WHITE PICKET PROPERTIES LLC,18117 BISCAYNE BLVD UNIT 2605,8805 GOVERNORS HILL DR,23,81
ONE 91 HOLDINGS LLC,850 TWIN RIVERS DR PO BOX 2018,PO BOX 2018,21,83
FLEX GROUP LLC,850 TWIN RIVERS DR PO BOX 2018,901 CORPORATE CENTER DR,20,83
AVONDALE HOMES LLC,850 TWIN RIVERS DR PO BOX 2018,PO BOX 2018,19,83
PIERCE CAPITAL LLC,PO BOX 50,901 CORPORATE CENTER DR,19,83
YALE HOMES LLC,850 TWIN RIVERS DR PO BOX 2018,PO BOX 2018,17,83
CYPRESS HOMES LLC,850 TWIN RIVERS DR PO BOX 2018,PO BOX 2018,17,83
KP HOMES LLC,PO BOX 980,6530 W CAMPUS OVAL STE 150,17,83
AMERICAN HOMES 4 RENT PROPERTIES SEVEN LLC,23975 PARK SORRENTO SUITE 300,PO BOX 9202,17,81
K C REAL PROPERTY INVESTMENTS LLC,PO BOX 30765,10747 MORSE RD,17,83
PENN INVESTMENTS LLC,850 TWIN RIVERS DR PO BOX 2018,PO BOX 2018,16,83
TWO 91 HOLDINGS LLC,850 TWIN RIVERS DR PO BOX 2018,PO BOX 2018,16,83
COLUMBIA INVESTMENTS LLC,850 TWIN RIVERS DR PO BOX 2018,PO BOX 2018,16,83
MARIS HOME RENTALS LLC,PO BOX 1024,9294 HIGHBURY CT,15,83
APAAI HOLDINGS LLC,PO BOX 1032,1123 PARK VIEW DR,15,83
COLUMBUS CAPITAL PORTFOLIO LLC,2431 ATLANTIC AVE STE 1,PO BOX 9222,15,81
TAP RENTALS LLC,PO BOX 349,2969 JOHNSTOWN ALEXANDRIA RD,14,83
BALKAN PROPERTIES 1 LLC,PO BOX 1520,PO BOX 820,14,83
BUSCH HOLDINGS LLC,PO BOX 933,PO BOX 1255,14,83
ONE 94 HOLDINGS LLC,850 TWIN RIVERS DR PO BOX 2018,PO BOX 2018,14,83
SGE HOLDINGS LLC,6385 SHIER RINGS ROAD STE 4,901 CORPORATE CENTER DR,13,81
BLUE HORIZON PROPERTIES GROUP LLC,6500 EMERALD PKWY STE 100,901 CORPORATE CENTER DR,13,81
HEALTHY RENTAL HOMES V LLC,PO BOX 6063,PO BOX 77499,13,83
ADELINE PROPERTY INVESTMENTS LLC,PO BOX 2024,ATTN JOHN DEWITT PO BOX 2024,13,83
HPA III ACQUISITIONS 1 LLC,120 S RIVERSIDE PLAZA SUITE 2000,PO BOX 4900,12,81
NELLAI ONE HOMES LLC,2246 S HAMILTON RD STE 101,2246 S HAMILTON RD STE 101,12,81
GREEN HORSE GROUP LLC,6545 MARKET AV N STE 100,PO BOX 30892,12,81
KFC US PROPERTIES INC,PO BOX 35370,3304 ESSEX DR,12,80
HOTZ PROPERTIES LLC,6605 LONGSHORE ST STE 240 # 352,PO BOX 9202,11,81
JRM RENTALS LLC,PO BOX 30382,PO BOX 30382,11,83
GCH RENTALS LLC,PO BOX 123,PO BOX 9202,10,83
GCH HOMES LLC,PO BOX 123,PO BOX 9202,10,83
FITZGERALD HOMES LLC,PO BOX 188,PO BOX 9202,10,83
ONE 1301 HOLDINGS LLC,850 TWIN RIVERS DR PO BOX 2018,PO BOX 2018,10,83
TRUE NORTH PROPERTY OWNER C LLC,PO BOX 4090,1134 W HUBBARD ST FL3,10,83
PACIFIC COAST CAPITAL INVESTORS LLC,1575 BAYSHORE HIGHWAY SUITE 100,1575 BAYSHORE HWY STE 100,10,81
REX RESIDENTIAL PROPERTY OWNER A LLC,3500  PARK CENTER DR STE 100,16220 N SCOTTSDALE RD STE 650,10,81
KSI REALTY GROUP LLC,1820 NORTHWEST BLVD STE 200,5338 STOCKTON CT,10,81
