business_name,address,city,state,portfolio_size,investor_score
ARDMORE PROPERTY LLC,3809 CLARKS LN STE 100,Columbus,OH,348,84
SOUTH 20TH STREET PROPERTIES LLC,5000 ARLINGTON CENTRE BLVD,Columbus,OH,312,80
ELAN PARK HOLDING LLC,750 COMMUNICATIONS PKWY STE 200,Columbus,OH,252,84
XANDER ON STATE HOLDING LLC,10573 W PICO BLVD,Columbus,OH,229,80
BTR SUTTON SQUARE PROPERTY LLC,PO BOX 9202,Columbus,OH,200,80
VINEBROOK HOMES BORROWER 1 LLC,16220 N SCOTTSDALE RD STE 650,Columbus,OH,179,84
COLUMBUS PROPERTIES KP6 LLC,ONE TOWN CENTER ROAD SUITE 300,Columbus,OH,143,84
ROG HOLDINGS LLC,380 POLARIS PARKWAY STE 135,Columbus,OH,107,84
VINEBROOK HOMES BORROWER 2 LLC,16220 N SCOTTSDALE RD STE 650,Columbus,OH,96,84
KSI REALTY HOLDINGS LLC,5338 STOCKTON CT,Columbus,OH,82,84
JOVIE INVESTMENTS-EPOCH LLC,1303 121ST AVE SE,Columbus,OH,73,80
BHT PROPERTIES LLC,3500 CEMETERY ROAD,Columbus,OH,72,80
DF PREMIER HOMES LLC,PO BOX 340650,Columbus,OH,68,80
ELKAH BROTHERS REALTY LLC,148 CYPRESS ST SW,Columbus,OH,60,86
GDT PROPERTIES LLC,3500 CEMETERY ROAD,Columbus,OH,54,80
OLENTANGY OWNERSHIP HOLDING CO LLC,380 POLARIS PKWY STE 135,Columbus,OH,53,81
COMMUNITY PROPERTIES REVITALIZATION I LLC,2001 ROSS AVENUE STE 1900,Columbus,OH,53,80
ELIM ESTATES HOMES LLC,160 W MAIN ST STE 200,Columbus,OH,49,80
WINDWOOD PROPERTIES LLC,7118 STEITZ ROAD,Columbus,OH,41,80
MARBLE PROPERTIES LLC,PO BOX 820,Columbus,OH,41,81
WHITTIER LANDING HOMES LLC,370 S 5TH ST SUITE 2,Columbus,OH,41,80
WEINLAND PARK HOMES LLC,PO BOX 2418,Columbus,OH,40,80
BOULEVARD HOMES LLC,PO BOX 2418,Columbus,OH,40,80
HILLTOP HOMES II LLC,370 S 5TH ST SUITE 2,Columbus,OH,39,80
DONAHEY PROPERTIES LLC,471 E BROAD ST STE 1520,Columbus,OH,38,84
INN TOWN HOLDINGS II LLC,442 E NORTHWOOD AVE,Columbus,OH,38,80
SCHWARTZ RENTAL LLC,74 GOLF ESTATES DR,Columbus,OH,38,86
CAPGROW HOLDINGS JV SUB IX LLC,320 W OHIO ST STE 650,Columbus,OH,38,84
SOUTHERN GATEWAY HOMES LLC,PO BOX 2418,Columbus,OH,37,80
HWG PROPERTIES LLC,PO BOX 9202,Columbus,OH,36,80
KENMORE REALTY LLC,PO BOX 307144,Columbus,OH,36,86
DUXBERRY LANDING HOMES LLC,370 S 5TH ST SUITE 2,Columbus,OH,35,80
LEGACY HOME INVESTMENTS LLC,901 CORPORATE CENTER DR,Columbus,OH,35,80
KJB HOMES LLC,PO BOX 1857,Columbus,OH,35,81
DEQSAN REALTY LLC,5709 GREAT HALL CT,Columbus,OH,35,80
CITY VIEW HOMES LLC,370 S 5TH ST SUITE 2,Columbus,OH,34,80
R & S REALTY INVESTMENT LLC,PO BOX 82560,Columbus,OH,34,80
LEVELGREEN HOMES LLC,370 S 5TH ST SUITE 2,Columbus,OH,33,80
TH PROPERTY OWNER I LLC,PO BOX 130,Columbus,OH,33,86
ASWL PROPERTIES LLC,PO BOX 9202,Columbus,OH,32,80
B A RHOADS INVESTMENTS LLC,PO BOX 10069,Columbus,OH,31,80
C&M INVESTMENTS OHIO LLC,13920 TAYLOR RD SW,Columbus,OH,31,80
C&W INVESTMENT CO 2 LLC,1086 N 4TH ST STE 109,Columbus,OH,30,81
MILO-GROGAN HOMES LLC,370 S 5TH ST SUITE 2,Columbus,OH,29,80
SUMMERFIELD HOMES LLC,2001 ROSS AVENUE STE 1900,Columbus,OH,29,80
TMDW PROPERTIES LLC,PO BOX 9202,Columbus,OH,28,80
ROBERT SS PROPERTIES LLC,815 N HIGH STREET STE R,Columbus,OH,26,80
ALPETT PROPERTIES LLC,2209 SANDOVER RD,Columbus,OH,26,80
SPRUCE BOUGH HOMES LLC,910 E BROAD ST,Columbus,OH,26,84
OHIO CAPITAL DEVELOPMENTS LLC,PO BOX 30929,Columbus,OH,25,80
KAP PROPERTIES LLC,901 CORPORATE CENTER DR,Columbus,OH,24,83
WHITE PICKET PROPERTIES LLC,8805 GOVERNORS HILL DR,Columbus,OH,23,81
ONE 91 HOLDINGS LLC,PO BOX 2018,Columbus,OH,21,83
FLEX GROUP LLC,901 CORPORATE CENTER DR,Columbus,OH,20,83
AVONDALE HOMES LLC,PO BOX 2018,Columbus,OH,19,83
PIERCE CAPITAL LLC,901 CORPORATE CENTER DR,Columbus,OH,19,83
YALE HOMES LLC,PO BOX 2018,Columbus,OH,17,83
CYPRESS HOMES LLC,PO BOX 2018,Columbus,OH,17,83
KP HOMES LLC,6530 W CAMPUS OVAL STE 150,Columbus,OH,17,83
AMERICAN HOMES 4 RENT PROPERTIES SEVEN LLC,PO BOX 9202,Columbus,OH,17,81
K C REAL PROPERTY INVESTMENTS LLC,10747 MORSE RD,Columbus,OH,17,83
PENN INVESTMENTS LLC,PO BOX 2018,Columbus,OH,16,83
TWO 91 HOLDINGS LLC,PO BOX 2018,Columbus,OH,16,83
COLUMBIA INVESTMENTS LLC,PO BOX 2018,Columbus,OH,16,83
MARIS HOME RENTALS LLC,9294 HIGHBURY CT,Columbus,OH,15,83
APAAI HOLDINGS LLC,1123 PARK VIEW DR,Columbus,OH,15,83
COLUMBUS CAPITAL PORTFOLIO LLC,PO BOX 9222,Columbus,OH,15,81
TAP RENTALS LLC,2969 JOHNSTOWN ALEXANDRIA RD,Columbus,OH,14,83
BALKAN PROPERTIES 1 LLC,PO BOX 820,Columbus,OH,14,83
BUSCH HOLDINGS LLC,PO BOX 1255,Columbus,OH,14,83
ONE 94 HOLDINGS LLC,PO BOX 2018,Columbus,OH,14,83
SGE HOLDINGS LLC,901 CORPORATE CENTER DR,Columbus,OH,13,81
BLUE HORIZON PROPERTIES GROUP LLC,901 CORPORATE CENTER DR,Columbus,OH,13,81
HEALTHY RENTAL HOMES V LLC,PO BOX 77499,Columbus,OH,13,83
ADELINE PROPERTY INVESTMENTS LLC,ATTN JOHN DEWITT PO BOX 2024,Columbus,OH,13,83
HPA III ACQUISITIONS 1 LLC,PO BOX 4900,Columbus,OH,12,81
NELLAI ONE HOMES LLC,2246 S HAMILTON RD STE 101,Columbus,OH,12,81
GREEN HORSE GROUP LLC,PO BOX 30892,Columbus,OH,12,81
KFC US PROPERTIES INC,3304 ESSEX DR,Columbus,OH,12,80
HOTZ PROPERTIES LLC,PO BOX 9202,Columbus,OH,11,81
JRM RENTALS LLC,PO BOX 30382,Columbus,OH,11,83
GCH RENTALS LLC,PO BOX 9202,Columbus,OH,10,83
GCH HOMES LLC,PO BOX 9202,Columbus,OH,10,83
FITZGERALD HOMES LLC,PO BOX 9202,Columbus,OH,10,83
ONE 1301 HOLDINGS LLC,PO BOX 2018,Columbus,OH,10,83
TRUE NORTH PROPERTY OWNER C LLC,1134 W HUBBARD ST FL3,Columbus,OH,10,83
PACIFIC COAST CAPITAL INVESTORS LLC,1575 BAYSHORE HWY STE 100,Columbus,OH,10,81
REX RESIDENTIAL PROPERTY OWNER A LLC,16220 N SCOTTSDALE RD STE 650,Columbus,OH,10,81
KSI REALTY GROUP LLC,5338 STOCKTON CT,Columbus,OH,10,81
