owner_name,portfolio_size,total_market_value,owner_address,mailing_address,entity_type,is_investor_entity,has_investor_name,has_po_box,has_business_address,portfolio_category,is_portfolio_investor,sample_properties,absentee_ratio,investor_score,investor_tier,score_reasons,tier_description
ARDMORE PROPERTY LLC,348,0.0,3809 CLARKS LN STE 100,,llc,True,True,False,True,institutional,True,"['51 MAYFAIR BL A', '51 MAYFAIR BL B', '51 MAYFAIR BL C', '51 MAYFAIR BL D', '63 MAYFAIR BL A']",1.0,84,tier_1,"LLC entity (high investor probability); Institutional investor (348 properties); 80%+ properties are absentee-owned; Business address (suite/floor); Name contains investor keywords (Properties, Holdings, etc.)",High-Confidence Investor - Prime prospect
SOUTH 20TH STREET PROPERTIES LLC,312,0.0,5000 ARLINGTON CENTRE BLVD,,llc,True,True,False,False,institutional,True,"['630 E WOODROW AV APT A', '630 E WOODROW AV APT B', '630 E WOODROW AV APT C', '630 E WOODROW AV APT D', '630 E WOODROW AV APT E']",1.0,80,tier_1,"LLC entity (high investor probability); Institutional investor (312 properties); 80%+ properties are absentee-owned; Name contains investor keywords (Properties, Holdings, etc.)",High-Confidence Investor - Prime prospect
ELAN PARK HOLDING LLC,252,0.0,750 COMMUNICATIONS PKWY SUITE 200,750 COMMUNICATIONS PKWY STE 200,llc,True,True,False,True,institutional,True,"['3432 SENNA XANDER # 101', '3432 SENNA XANDER # 102', '3432 SENNA XANDER # 103', '3432 SENNA XANDER # 104', '3432 SENNA XANDER # 105']",1.0,84,tier_1,"LLC entity (high investor probability); Institutional investor (252 properties); 80%+ properties are absentee-owned; Business address (suite/floor); Name contains investor keywords (Properties, Holdings, etc.)",High-Confidence Investor - Prime prospect
XANDER ON STATE HOLDING LLC,229,0.0,10573 W PICO BLVD  PMB #603,10573 W PICO BLVD,llc,True,True,False,False,institutional,True,"['265 E STATE ST # 101', '265 E STATE ST # 102', '265 E STATE ST # 103', '265 E STATE ST # 104', '265 E STATE ST # 105']",1.0,80,tier_1,"LLC entity (high investor probability); Institutional investor (229 properties); 80%+ properties are absentee-owned; Name contains investor keywords (Properties, Holdings, etc.)",High-Confidence Investor - Prime prospect
BTR SUTTON SQUARE PROPERTY LLC,200,16290000.0,C/O BTR MANAGEMENT  842 LUBLIN TERRACE,PO BOX 9202,llc,True,True,False,False,institutional,True,"['1773 ELAINE RD', '1777 ELAINE RD', '1781 ELAINE  RD', '1785 ELAINE RD', '4004 N ELAINE  PL']",1.0,80,tier_1,"LLC entity (high investor probability); Institutional investor (200 properties); 80%+ properties are absentee-owned; Name contains investor keywords (Properties, Holdings, etc.)",High-Confidence Investor - Prime prospect
VINEBROOK HOMES BORROWER 1 LLC,179,22677300.0,3500 PARK CENTER DR STE#100,16220 N SCOTTSDALE RD STE 650,llc,True,True,False,True,institutional,True,"['614 MOLER ST', '176 S BURGESS AV', '146 WREXHAM AV', '2210 MARGARET AV', '2539 LEXINGTON AV']",1.0,84,tier_1,"LLC entity (high investor probability); Institutional investor (179 properties); 80%+ properties are absentee-owned; Business address (suite/floor); Name contains investor keywords (Properties, Holdings, etc.)",High-Confidence Investor - Prime prospect
COLUMBUS PROPERTIES KP6 LLC,143,0.0,ONE TOWN CENTER ROAD SUITE 300,,llc,True,True,False,True,institutional,True,"['76 E 9TH AV UNIT 101', '76 E 9TH AV UNIT 102', '76 E 9TH AV UNIT 103', '76 E 9TH AV UNIT 104', '76 E 9TH AV UNIT 105']",1.0,84,tier_1,"LLC entity (high investor probability); Institutional investor (143 properties); 80%+ properties are absentee-owned; Business address (suite/floor); Name contains investor keywords (Properties, Holdings, etc.)",High-Confidence Investor - Prime prospect
ROG HOLDINGS LLC,107,8421200.0,380 POLARIS PARKWAY SUITE 135,380 POLARIS PARKWAY STE 135,llc,True,True,False,True,institutional,True,"['1400 HOLLYBRIER 101 DR', '1400 HOLLYBRIER 102 DR', '1400 HOLLYBRIER 103 DR', '1400 HOLLYBRIER 104 DR', '1400 HOLLYBRIER 105 DR']",1.0,84,tier_1,"LLC entity (high investor probability); Institutional investor (107 properties); 80%+ properties are absentee-owned; Business address (suite/floor); Name contains investor keywords (Properties, Holdings, etc.)",High-Confidence Investor - Prime prospect
VINEBROOK HOMES BORROWER 2 LLC,96,16957800.0,3500 PARK CENTER DR STE 100,16220 N SCOTTSDALE RD STE 650,llc,True,True,False,True,institutional,True,"['3467 DESHLER AV', '3070 GRASMERE AV', '738 BRADWELL DR', '3826 FERGUS RD', '3600 MEDINA AV']",1.0,84,tier_1,"LLC entity (high investor probability); Institutional investor (96 properties); 80%+ properties are absentee-owned; Business address (suite/floor); Name contains investor keywords (Properties, Holdings, etc.)",High-Confidence Investor - Prime prospect
KSI REALTY HOLDINGS LLC,82,6688300.0,1820 NORTHWEST BLVD STE 200,5338 STOCKTON CT,llc,True,True,False,True,institutional,True,"['406 408 MORRISON AV', '954 966 WHITTIER', '684 686 CARPENTER ST', '597 601 OAK ST', '5457 WELLINGTON WOODS BL']",1.0,84,tier_1,"LLC entity (high investor probability); Institutional investor (82 properties); 80%+ properties are absentee-owned; Business address (suite/floor); Name contains investor keywords (Properties, Holdings, etc.)",High-Confidence Investor - Prime prospect
JOVIE INVESTMENTS-EPOCH LLC,73,89300.0,3688 CLEVELAND AVE,1303 121ST AVE SE,llc,True,True,False,False,institutional,True,"['3694 CLEVELAND AV', '3668 CLEVELAND AV A1', '3668 CLEVELAND AV A2', '3668 CLEVELAND AV A3', '3668 CLEVELAND AV A4']",1.0,80,tier_1,"LLC entity (high investor probability); Institutional investor (73 properties); 80%+ properties are absentee-owned; Name contains investor keywords (Properties, Holdings, etc.)",High-Confidence Investor - Prime prospect
BHT PROPERTIES LLC,72,4412400.0,3500 CEMETERY RD,3500 CEMETERY ROAD,llc,True,True,False,False,institutional,True,"['5467 WELLINGTON WOODS BL', '5473 WELLINGTON WOODS BL', '5475 WELLINGTON WOODS BL', '5481 WELLINGTON WOODS BL', '5483 WELLINGTON WOODS BL']",1.0,80,tier_1,"LLC entity (high investor probability); Institutional investor (72 properties); 80%+ properties are absentee-owned; Name contains investor keywords (Properties, Holdings, etc.)",High-Confidence Investor - Prime prospect
DF PREMIER HOMES LLC,68,11256100.0,"320 CENTRAL  AVE., #211",PO BOX 340650,llc,True,True,False,False,institutional,True,"['1123 1129 CHAMPION AV', '782 784 S OHIO AV', '884 886 E LIVINGSTON AV', '1003 1005 E LIVINGSTON AV', '508 WOODROW AV']",0.9852941176470589,80,tier_1,"LLC entity (high investor probability); Institutional investor (68 properties); 80%+ properties are absentee-owned; Name contains investor keywords (Properties, Holdings, etc.)",High-Confidence Investor - Prime prospect
ELKAH BROTHERS REALTY LLC,60,916500.0,PO BOX 247555,148 CYPRESS ST SW,llc,True,True,True,False,institutional,True,"['0 WINDSOR AV', '0 WINDSOR AV', '0 WINDSOR AV', '0 WINDSOR AV', '0 WINDSOR AV']",1.0,86,tier_1,"LLC entity (high investor probability); Institutional investor (60 properties); 80%+ properties are absentee-owned; PO Box address; Name contains investor keywords (Properties, Holdings, etc.)",High-Confidence Investor - Prime prospect
GDT PROPERTIES LLC,54,3248400.0,3500 CEMETERY RD,3500 CEMETERY ROAD,llc,True,True,False,False,institutional,True,"['5531 WELLINGTON WOODS BL', '5533 WELLINGTON WOODS BL', '5535 WELLINGTON WOODS BL', '5537 WELLINGTON WOODS BL', '5541 WELLINGTON WOODS BL']",1.0,80,tier_1,"LLC entity (high investor probability); Institutional investor (54 properties); 80%+ properties are absentee-owned; Name contains investor keywords (Properties, Holdings, etc.)",High-Confidence Investor - Prime prospect
OLENTANGY OWNERSHIP HOLDING CO LLC,53,0.0,380 POLARIS PKWY STE 135,,corporation,True,True,False,True,institutional,True,"['4577 OLENTANGY RIVER RD G1', '4577 OLENTANGY RIVER RD 101', '4577 OLENTANGY RIVER RD 201', '4577 OLENTANGY RIVER RD G2', '4577 OLENTANGY RIVER RD 102']",1.0,81,tier_1,"Corporation (likely investor); Institutional investor (53 properties); 80%+ properties are absentee-owned; Business address (suite/floor); Name contains investor keywords (Properties, Holdings, etc.)",High-Confidence Investor - Prime prospect
COMMUNITY PROPERTIES REVITALIZATION I LLC,53,8888300.0,671 S HIGH ST # 6,2001 ROSS AVENUE STE 1900,llc,True,True,False,False,institutional,True,"['1404 1410 N FOURTH ST', '911 FRANKLIN AV', '766 776 KERR ST', '1022 1030 E SPRING ST', '287 293 E NINTH AV']",1.0,80,tier_1,"LLC entity (high investor probability); Institutional investor (53 properties); 80%+ properties are absentee-owned; Name contains investor keywords (Properties, Holdings, etc.)",High-Confidence Investor - Prime prospect
ELIM ESTATES HOMES LLC,49,1660200.0,3443 AGLER RD,160 W MAIN ST STE 200,llc,True,True,False,False,institutional,True,"['2963 ELIM ESTATES DR', '2969 ELIM ESTATES DR', '2975 ELIM ESTATES DR', '2981 ELIM ESTATES DR', '2987 ELIM ESTATES DR']",1.0,80,tier_1,"LLC entity (high investor probability); Institutional investor (49 properties); 80%+ properties are absentee-owned; Name contains investor keywords (Properties, Holdings, etc.)",High-Confidence Investor - Prime prospect
WINDWOOD PROPERTIES LLC,41,2773300.0,7118 STERTZ RD,7118 STEITZ ROAD,llc,True,True,False,False,institutional,True,"['380 WELLINGTON WOODS CT', '381 WELLINGTON WOODS CT', '382 WELLINGTON WOODS CT', '383 WELLINGTON WOODS CT', '384 WELLINGTON WOODS CT']",1.0,80,tier_1,"LLC entity (high investor probability); Institutional investor (41 properties); 80%+ properties are absentee-owned; Name contains investor keywords (Properties, Holdings, etc.)",High-Confidence Investor - Prime prospect
MARBLE PROPERTIES LLC,41,5639500.0,PO BOX 80,PO BOX 820,llc,True,True,True,False,institutional,True,"['247 WOODROW AV', '365 NAPOLEON AV', '0 ELAINE RD REAR', '1517 ELAINE RD', '1560 HUXLEY DR']",0.7317073170731707,81,tier_1,"LLC entity (high investor probability); Institutional investor (41 properties); 50%+ properties are absentee-owned; PO Box address; Name contains investor keywords (Properties, Holdings, etc.)",High-Confidence Investor - Prime prospect
WHITTIER LANDING HOMES LLC,41,2805300.0,3443 AGLER RD,370 S 5TH ST SUITE 2,llc,True,True,False,False,institutional,True,"['898 S TWENTY SECOND ST', '853 OAKWOOD AV', '874 S GILBERT ST', '1110 STANLEY AV', '871 S GILBERT ST']",1.0,80,tier_1,"LLC entity (high investor probability); Institutional investor (41 properties); 80%+ properties are absentee-owned; Name contains investor keywords (Properties, Holdings, etc.)",High-Confidence Investor - Prime prospect
WEINLAND PARK HOMES LLC,40,3091000.0,5309 TRANSPORTATION BLVD,PO BOX 2418,llc,True,True,False,False,institutional,True,"['1425 N FIFTH ST', '1470 N SIXTH ST', '1265 SIXTH ST', '1267 SIXTH ST', '1438 N FIFTH ST']",1.0,80,tier_1,"LLC entity (high investor probability); Institutional investor (40 properties); 80%+ properties are absentee-owned; Name contains investor keywords (Properties, Holdings, etc.)",High-Confidence Investor - Prime prospect
BOULEVARD HOMES LLC,40,2732900.0,5309 TRANSPORTATION BLVD,PO BOX 2418,llc,True,True,False,False,institutional,True,"['273 DAKOTA AV', '147 WEST PARK AV', '300 S DAKOTA AV', '107 S PRINCETON AV', '210 WEST PARK AV']",1.0,80,tier_1,"LLC entity (high investor probability); Institutional investor (40 properties); 80%+ properties are absentee-owned; Name contains investor keywords (Properties, Holdings, etc.)",High-Confidence Investor - Prime prospect
HILLTOP HOMES II LLC,39,6002200.0,3443 AGLER RD,370 S 5TH ST SUITE 2,llc,True,True,False,False,institutional,True,"['189 S WARREN AV', '280 S HARRIS AV', '242 S OGDEN AV', '125 S HARRIS AV', '127 S HIGHLAND AV']",1.0,80,tier_1,"LLC entity (high investor probability); Institutional investor (39 properties); 80%+ properties are absentee-owned; Name contains investor keywords (Properties, Holdings, etc.)",High-Confidence Investor - Prime prospect
DONAHEY PROPERTIES LLC,38,4959400.0,471 E BROAD ST SUITE 1520,471 E BROAD ST STE 1520,llc,True,True,False,True,institutional,True,"['496 S HARRIS AV', '2885 2889 BELLWOOD AV', '509 S HARRIS AV', '212 S HAGUE AV', '1272 E SIXTEENTH AV']",1.0,84,tier_1,"LLC entity (high investor probability); Institutional investor (38 properties); 80%+ properties are absentee-owned; Business address (suite/floor); Name contains investor keywords (Properties, Holdings, etc.)",High-Confidence Investor - Prime prospect
INN TOWN HOLDINGS II LLC,38,36019200.0,442 NORTHWOOD AVE,442 E NORTHWOOD AVE,llc,True,True,False,False,institutional,True,"['62 E THIRTEENTH AV', '190 FOURTEENTH AV', '35 39 E LANE AV', '34 E EIGHTEENTH AV', '119 121 NORWICH AV']",1.0,80,tier_1,"LLC entity (high investor probability); Institutional investor (38 properties); 80%+ properties are absentee-owned; Name contains investor keywords (Properties, Holdings, etc.)",High-Confidence Investor - Prime prospect
SCHWARTZ RENTAL LLC,38,7295400.0,PO BOX 13256,74 GOLF ESTATES DR,llc,True,True,True,False,institutional,True,"['0 STELZER RD', '3410 E FIFTH AV', '3434 SEVENTH AV', '0 E SEVENTH AV', '0 E SEVENTH AV']",1.0,86,tier_1,"LLC entity (high investor probability); Institutional investor (38 properties); 80%+ properties are absentee-owned; PO Box address; Name contains investor keywords (Properties, Holdings, etc.)",High-Confidence Investor - Prime prospect
CAPGROW HOLDINGS JV SUB IX LLC,38,7242600.0,320 N OHIO ST STE#650N,320 W OHIO ST STE 650,llc,True,True,False,True,institutional,True,"['3114 ELLIS PL', '110 S BURGESS AV', '0 N HALDY AV', '202 N HALDY AV', '176 N WESTMOOR AV']",0.9736842105263158,84,tier_1,"LLC entity (high investor probability); Institutional investor (38 properties); 80%+ properties are absentee-owned; Business address (suite/floor); Name contains investor keywords (Properties, Holdings, etc.)",High-Confidence Investor - Prime prospect
SOUTHERN GATEWAY HOMES LLC,37,2353200.0,5309 TRANSPORTATION BLVD,PO BOX 2418,llc,True,True,False,False,institutional,True,"['1827 S BRUCK ST', '86 BARTHMAN DR', '113 INNIS AV', '1865 S SIXTH ST', '149 E BARTHMAN AV']",1.0,80,tier_1,"LLC entity (high investor probability); Institutional investor (37 properties); 80%+ properties are absentee-owned; Name contains investor keywords (Properties, Holdings, etc.)",High-Confidence Investor - Prime prospect
HWG PROPERTIES LLC,36,4703600.0,2163 SOUTH PARK AVENUE,PO BOX 9202,llc,True,True,False,False,institutional,True,"['1786 KENT ST', '181 N OAKLEY AV', '100 S WARREN AV', '422 S EUREKA AV', '1316 E FIFTEENTH AV']",1.0,80,tier_1,"LLC entity (high investor probability); Institutional investor (36 properties); 80%+ properties are absentee-owned; Name contains investor keywords (Properties, Holdings, etc.)",High-Confidence Investor - Prime prospect
KENMORE REALTY LLC,36,4976400.0,P.O. BOX 307144,PO BOX 307144,llc,True,True,True,False,institutional,True,"['5386 CALEB DR', '5388 CALEB DR', '5390 CALEB DR', '5392 CALEB DR', '5394 CALEB DR']",1.0,86,tier_1,"LLC entity (high investor probability); Institutional investor (36 properties); 80%+ properties are absentee-owned; PO Box address; Name contains investor keywords (Properties, Holdings, etc.)",High-Confidence Investor - Prime prospect
DUXBERRY LANDING HOMES LLC,35,3233400.0,3443 AGLER RD,370 S 5TH ST SUITE 2,llc,True,True,False,False,institutional,True,"['1148 TWENTY FIRST AV', '1113 TWENTY FIRST AV', '1129 TWENTY FIRST AV', '1133 TWENTY FIRST AV', '1149 TWENTY FIRST AV']",1.0,80,tier_1,"LLC entity (high investor probability); Institutional investor (35 properties); 80%+ properties are absentee-owned; Name contains investor keywords (Properties, Holdings, etc.)",High-Confidence Investor - Prime prospect
LEGACY HOME INVESTMENTS LLC,35,6259200.0,1600 SOUTH 6TH ST,901 CORPORATE CENTER DR,llc,True,True,False,False,institutional,True,"['171 177 1/2 S SEVENTEENTH ST', '49 51 W DUNCAN ST', '1272 KENT ST', '297 299 REINHARD AV', '199 E WELCH AV']",0.9714285714285714,80,tier_1,"LLC entity (high investor probability); Institutional investor (35 properties); 80%+ properties are absentee-owned; Name contains investor keywords (Properties, Holdings, etc.)",High-Confidence Investor - Prime prospect
KJB HOMES LLC,35,3824800.0,PO BOX 1857,PO BOX 1857,llc,True,True,True,False,institutional,True,"['1418 BRIARWOOD AV', '27 N SCHULTZ AV', '1373 MELROSE AV', '92 SCHULTZ AV', '1578 MYRTLE AV']",0.5714285714285714,81,tier_1,"LLC entity (high investor probability); Institutional investor (35 properties); 50%+ properties are absentee-owned; PO Box address; Name contains investor keywords (Properties, Holdings, etc.)",High-Confidence Investor - Prime prospect
DEQSAN REALTY LLC,35,1461200.0,5709 GREAT HALL COURT,5709 GREAT HALL CT,llc,True,True,False,False,institutional,True,"['0 DELBERT RD', '0 DELBERT RD', '0 DELBERT RD', '0 DELBERT RD', '1480 WENTWORTH RD']",1.0,80,tier_1,"LLC entity (high investor probability); Institutional investor (35 properties); 80%+ properties are absentee-owned; Name contains investor keywords (Properties, Holdings, etc.)",High-Confidence Investor - Prime prospect
CITY VIEW HOMES LLC,34,2479600.0,3443 AGLER RD,370 S 5TH ST SUITE 2,llc,True,True,False,False,institutional,True,"['62 WEST PARK AV', '308 S PRINCETON AV', '269 S SKIDMORE ST', '152 N STEVENS AV', '288 S DAKOTA AV']",1.0,80,tier_1,"LLC entity (high investor probability); Institutional investor (34 properties); 80%+ properties are absentee-owned; Name contains investor keywords (Properties, Holdings, etc.)",High-Confidence Investor - Prime prospect
R & S REALTY INVESTMENT LLC,34,7941100.0,4608 INDIANOLA AVE   SUITE B,PO BOX 82560,llc,True,True,False,False,institutional,True,"['95 97 E MAYNARD AV', '29 OLENTANGY ST', '2662 2664 FINDLEY AV', '438 E TOMPKINS ST', '465 E HUDSON ST']",0.8529411764705882,80,tier_1,"LLC entity (high investor probability); Institutional investor (34 properties); 80%+ properties are absentee-owned; Name contains investor keywords (Properties, Holdings, etc.)",High-Confidence Investor - Prime prospect
LEVELGREEN HOMES LLC,33,2624600.0,3443 AGLER RD,370 S 5TH ST SUITE 2,llc,True,True,False,False,institutional,True,"['2054 LEVELGREEN DR', '2048 LEVELGREEN DR', '2042 LEVELGREEN DR', '2036 LEVELGREEN DR', '2030 LEVELGREEN DR']",1.0,80,tier_1,"LLC entity (high investor probability); Institutional investor (33 properties); 80%+ properties are absentee-owned; Name contains investor keywords (Properties, Holdings, etc.)",High-Confidence Investor - Prime prospect
TH PROPERTY OWNER I LLC,33,6286700.0,PO BOX 130,PO BOX 130,llc,True,True,True,False,institutional,True,"['528 BULEN AV', '468 N OHIO AV', '3165 HILLGATE RD', '3930 FULTON ST', '1819 PENFIELD RD']",0.8484848484848485,86,tier_1,"LLC entity (high investor probability); Institutional investor (33 properties); 80%+ properties are absentee-owned; PO Box address; Name contains investor keywords (Properties, Holdings, etc.)",High-Confidence Investor - Prime prospect
ASWL PROPERTIES LLC,32,3586100.0,2163 SOUTH PARK AVENUE,PO BOX 9202,llc,True,True,False,False,institutional,True,"['320 CLARENDON AV', '868 MANSFIELD AV', '385 - 393 CLARENDON AV', '352 S YALE AV', '380 WHITETHORNE AV']",1.0,80,tier_1,"LLC entity (high investor probability); Institutional investor (32 properties); 80%+ properties are absentee-owned; Name contains investor keywords (Properties, Holdings, etc.)",High-Confidence Investor - Prime prospect
B A RHOADS INVESTMENTS LLC,31,3365500.0,2143 SUTTER PKWY,PO BOX 10069,llc,True,True,False,False,institutional,True,"['1011 E MCCLELLAND AV', '486 E MORRILL AV', '334 WELCH AV', '1338 E FIFTEENTH AV', '1310 MINNESOTA AV']",0.9354838709677419,80,tier_1,"LLC entity (high investor probability); Institutional investor (31 properties); 80%+ properties are absentee-owned; Name contains investor keywords (Properties, Holdings, etc.)",High-Confidence Investor - Prime prospect
C&M INVESTMENTS OHIO LLC,31,4132500.0,2590 SUMMIT STREET,13920 TAYLOR RD SW,llc,True,True,False,False,institutional,True,"['2590 SUMMIT ST', '2058 HOLT AV', '283 S TERRACE AV', '1103 WHITTIER ST', '286 TAYLOR AV']",0.967741935483871,80,tier_1,"LLC entity (high investor probability); Institutional investor (31 properties); 80%+ properties are absentee-owned; Name contains investor keywords (Properties, Holdings, etc.)",High-Confidence Investor - Prime prospect
C&W INVESTMENT CO 2 LLC,30,9637900.0,"1020 DENNISON AVE, SUITE 102",1086 N 4TH ST STE 109,corporation,True,True,False,True,institutional,True,"['2100 N FOURTH ST', '65 69 W THIRD AV', '1210 1212 DENNISON AV', '762 764 PARK ST', '96 98 PRICE AV']",0.9333333333333333,81,tier_1,"Corporation (likely investor); Institutional investor (30 properties); 80%+ properties are absentee-owned; Business address (suite/floor); Name contains investor keywords (Properties, Holdings, etc.)",High-Confidence Investor - Prime prospect
MILO-GROGAN HOMES LLC,29,5310000.0,3443 AGLER RD,370 S 5TH ST SUITE 2,llc,True,True,False,False,institutional,True,"['862 LEONA AV', '1165 PETERS AV', '0 PETERS AV', '836 E FOURTH AV', '806 808 E THIRD AV']",1.0,80,tier_1,"LLC entity (high investor probability); Institutional investor (29 properties); 80%+ properties are absentee-owned; Name contains investor keywords (Properties, Holdings, etc.)",High-Confidence Investor - Prime prospect
SUMMERFIELD HOMES LLC,29,8874500.0,671 S HIGH ST # 6,2001 ROSS AVENUE STE 1900,llc,True,True,False,False,institutional,True,"['1377 MADISON AV', '40 42 LINWOOD AV', '474 478 TWENTY SECOND ST', '52 60 LINWOOD AV', '937 939 E LONG ST']",1.0,80,tier_1,"LLC entity (high investor probability); Institutional investor (29 properties); 80%+ properties are absentee-owned; Name contains investor keywords (Properties, Holdings, etc.)",High-Confidence Investor - Prime prospect
TMDW PROPERTIES LLC,28,2898600.0,2163 S PARK AVE,PO BOX 9202,llc,True,True,False,False,institutional,True,"['239 N OAKLEY AV', '479 S OGDEN AV', '1022 E SIXTEENTH AV', '254 S OGDEN AV', '406 S HARRIS AV']",1.0,80,tier_1,"LLC entity (high investor probability); Institutional investor (28 properties); 80%+ properties are absentee-owned; Name contains investor keywords (Properties, Holdings, etc.)",High-Confidence Investor - Prime prospect
ROBERT SS PROPERTIES LLC,26,2771500.0,815 N HIGH ST STE R,815 N HIGH STREET STE R,llc,True,True,False,False,institutional,True,"['0 E MAIN ST', '0 E MAIN ST', '295 315 S SEVENTEENTH ST', '455 467 EASTMOOR BL', '30 S KELLNER RD']",1.0,80,tier_1,"LLC entity (high investor probability); Institutional investor (26 properties); 80%+ properties are absentee-owned; Name contains investor keywords (Properties, Holdings, etc.)",High-Confidence Investor - Prime prospect
ALPETT PROPERTIES LLC,26,3405800.0,4991 MENGEL LN,2209 SANDOVER RD,llc,True,True,False,False,institutional,True,"['0 W WELCH AV', '39 W WELCH AV', '45 W WELCH AV', '2655 2657 ADAMS AV', '1525 S HIGH ST']",0.8461538461538461,80,tier_1,"LLC entity (high investor probability); Institutional investor (26 properties); 80%+ properties are absentee-owned; Name contains investor keywords (Properties, Holdings, etc.)",High-Confidence Investor - Prime prospect
SPRUCE BOUGH HOMES LLC,26,4491300.0,671 S HIGH ST STE 600,910 E BROAD ST,llc,True,True,False,True,institutional,True,"['408 416 CHITTENDEN AV', '701 705 S CHAMPION AV', '64 70 E THIRD AV', '714 720 S OHIO AV', '387 389 CHITTENDEN AV']",1.0,84,tier_1,"LLC entity (high investor probability); Institutional investor (26 properties); 80%+ properties are absentee-owned; Business address (suite/floor); Name contains investor keywords (Properties, Holdings, etc.)",High-Confidence Investor - Prime prospect
OHIO CAPITAL DEVELOPMENTS LLC,25,181600.0,148 N HIGH ST,PO BOX 30929,llc,True,True,False,False,institutional,True,"['0 E ARMUTH AV', '0 E ARMUTH AV', '0 E ARMUTH AV', '0 E ARMUTH AV', '0 CARROLL RD']",1.0,80,tier_1,"LLC entity (high investor probability); Institutional investor (25 properties); 80%+ properties are absentee-owned; Name contains investor keywords (Properties, Holdings, etc.)",High-Confidence Investor - Prime prospect
KAP PROPERTIES LLC,24,2907500.0,P.O. BOX 316,901 CORPORATE CENTER DR,llc,True,True,True,False,large,True,"['274 MILLER AV', '1021 STEWART AV', '2783 N HIAWATHA ST', '0 TWENTY FOURTH AV', '1607 E CORDELL AV']",1.0,83,tier_1,"LLC entity (high investor probability); Large portfolio (24 properties); 80%+ properties are absentee-owned; PO Box address; Name contains investor keywords (Properties, Holdings, etc.)",High-Confidence Investor - Prime prospect
WHITE PICKET PROPERTIES LLC,23,3993200.0,18117 BISCAYNE BLVD UNIT 2605,8805 GOVERNORS HILL DR,llc,True,True,False,True,large,True,"['1441 BURNLEY CT', '2770 DENMARK RD', '6413 FAIRCREST RD', '1290 E KNOLLWOOD DR', '1921 JUDWICK DR']",1.0,81,tier_1,"LLC entity (high investor probability); Large portfolio (23 properties); 80%+ properties are absentee-owned; Business address (suite/floor); Name contains investor keywords (Properties, Holdings, etc.)",High-Confidence Investor - Prime prospect
ONE 91 HOLDINGS LLC,21,344200.0,850 TWIN RIVERS DR PO BOX 2018,PO BOX 2018,llc,True,True,True,False,large,True,"['0 HOLTON AV', '78 RODGERS AV', '164 N YALE AV', '37 39 BREHL AV', '189 N GUILFORD AV']",0.9523809523809523,83,tier_1,"LLC entity (high investor probability); Large portfolio (21 properties); 80%+ properties are absentee-owned; PO Box address; Name contains investor keywords (Properties, Holdings, etc.)",High-Confidence Investor - Prime prospect
FLEX GROUP LLC,20,2256900.0,850 TWIN RIVERS DR PO BOX 2018,901 CORPORATE CENTER DR,llc,True,True,True,False,large,True,"['730 BELLOWS AV', '1005 OLMSTEAD AV', '245 CLARENDON AV', '816 N ST CLAIR AV', '385 OAKLEY AV']",1.0,83,tier_1,"LLC entity (high investor probability); Large portfolio (20 properties); 80%+ properties are absentee-owned; PO Box address; Name contains investor keywords (Properties, Holdings, etc.)",High-Confidence Investor - Prime prospect
AVONDALE HOMES LLC,19,1536100.0,850 TWIN RIVERS DR PO BOX 2018,PO BOX 2018,llc,True,True,True,False,large,True,"['1047 SULLIVANT AV', '1139 WALTERS ST', '812 E GIBBARD AV', '416 S YALE AV', 'PRINCETON AV']",1.0,83,tier_1,"LLC entity (high investor probability); Large portfolio (19 properties); 80%+ properties are absentee-owned; PO Box address; Name contains investor keywords (Properties, Holdings, etc.)",High-Confidence Investor - Prime prospect
PIERCE CAPITAL LLC,19,1751400.0,PO BOX 50,901 CORPORATE CENTER DR,llc,True,True,True,False,large,True,"['1268 1270 E SEVENTEENTH AV', '1347 1349 E EIGHTEENTH AV', '1073 FOURTEENTH AV', '1677 MANCHESTER AV', '1282 ABERDEEN AV']",1.0,83,tier_1,"LLC entity (high investor probability); Large portfolio (19 properties); 80%+ properties are absentee-owned; PO Box address; Name contains investor keywords (Properties, Holdings, etc.)",High-Confidence Investor - Prime prospect
YALE HOMES LLC,17,1924800.0,850 TWIN RIVERS DR PO BOX 2018,PO BOX 2018,llc,True,True,True,False,large,True,"['89 N YALE AV', '940 942 LEONA AV', '34 S PRINCETON AV', '112 S CYPRESS AV', '445 447 S YALE AV']",1.0,83,tier_1,"LLC entity (high investor probability); Large portfolio (17 properties); 80%+ properties are absentee-owned; PO Box address; Name contains investor keywords (Properties, Holdings, etc.)",High-Confidence Investor - Prime prospect
CYPRESS HOMES LLC,17,1316000.0,850 TWIN RIVERS DR PO BOX 2018,PO BOX 2018,llc,True,True,True,False,large,True,"['382 HIGHLAND AV', '610 E REYNOLDS AV', '299 BREHL AV', '319 WREXHAM AV', '290 BREHL AV']",0.9411764705882353,83,tier_1,"LLC entity (high investor probability); Large portfolio (17 properties); 80%+ properties are absentee-owned; PO Box address; Name contains investor keywords (Properties, Holdings, etc.)",High-Confidence Investor - Prime prospect
KP HOMES LLC,17,3142200.0,PO BOX 980,6530 W CAMPUS OVAL STE 150,llc,True,True,True,False,large,True,"['743 REINHARD AV', '836 WEYANT AV', '138 N GOULD RD', '2335 ASHLEY DR REAR', '3476 BEULAH RD']",0.8235294117647058,83,tier_1,"LLC entity (high investor probability); Large portfolio (17 properties); 80%+ properties are absentee-owned; PO Box address; Name contains investor keywords (Properties, Holdings, etc.)",High-Confidence Investor - Prime prospect
AMERICAN HOMES 4 RENT PROPERTIES SEVEN LLC,17,4586500.0,23975 PARK SORRENTO SUITE 300,PO BOX 9202,llc,True,True,False,True,large,True,"['1823 AGGIE CT', '3160 GIDEON LN', '2901 GABLEWOOD DR', '4056 SUMMERSTONE DR', '2034 ASPENSPRING DR']",1.0,81,tier_1,"LLC entity (high investor probability); Large portfolio (17 properties); 80%+ properties are absentee-owned; Business address (suite/floor); Name contains investor keywords (Properties, Holdings, etc.)",High-Confidence Investor - Prime prospect
K C REAL PROPERTY INVESTMENTS LLC,17,2809000.0,PO BOX 30765,10747 MORSE RD,llc,True,True,True,False,large,True,"['3802 ASTOR AV', '3903 BOLTON AV', '1283 CAROLWOOD AV', '1131 LITTLE PLUM LN', '1282 SIMPSON DR']",1.0,83,tier_1,"LLC entity (high investor probability); Large portfolio (17 properties); 80%+ properties are absentee-owned; PO Box address; Name contains investor keywords (Properties, Holdings, etc.)",High-Confidence Investor - Prime prospect
PENN INVESTMENTS LLC,16,2015500.0,850 TWIN RIVERS DR PO BOX 2018,PO BOX 2018,llc,True,True,True,False,large,True,"['1055 SULLIVANT AV', '186 DAKOTA AV', '64 S AVONDALE AV', '726 SIEBERT ST', '132 132 1/2 DAKOTA AV']",0.9375,83,tier_1,"LLC entity (high investor probability); Large portfolio (16 properties); 80%+ properties are absentee-owned; PO Box address; Name contains investor keywords (Properties, Holdings, etc.)",High-Confidence Investor - Prime prospect
TWO 91 HOLDINGS LLC,16,254000.0,850 TWIN RIVERS DR PO BOX 2018,PO BOX 2018,llc,True,True,True,False,large,True,"['267 WEST PARK AV', '187 MIDLAND AV', '0 S WARREN AV', '0 NACE AV', '884 THOMAS AV']",1.0,83,tier_1,"LLC entity (high investor probability); Large portfolio (16 properties); 80%+ properties are absentee-owned; PO Box address; Name contains investor keywords (Properties, Holdings, etc.)",High-Confidence Investor - Prime prospect
COLUMBIA INVESTMENTS LLC,16,1252600.0,850 TWIN RIVERS DR PO BOX 2018,PO BOX 2018,llc,True,True,True,False,large,True,"['762 SULLIVANT AV', '0 S GLENWOOD AV', '793 E SECOND AV', '350 COLUMBIAN AV', '635 E GIBBARD AV']",1.0,83,tier_1,"LLC entity (high investor probability); Large portfolio (16 properties); 80%+ properties are absentee-owned; PO Box address; Name contains investor keywords (Properties, Holdings, etc.)",High-Confidence Investor - Prime prospect
MARIS HOME RENTALS LLC,15,1344100.0,PO BOX 1024,9294 HIGHBURY CT,llc,True,True,True,False,large,True,"['333 S WARREN AV', '2131 LEONARD AV', '150 N OAKLEY AV', '1391 BRIARWOOD AV', '2358 GRASMERE AV']",1.0,83,tier_1,"LLC entity (high investor probability); Large portfolio (15 properties); 80%+ properties are absentee-owned; PO Box address; Name contains investor keywords (Properties, Holdings, etc.)",High-Confidence Investor - Prime prospect
APAAI HOLDINGS LLC,15,4004600.0,PO BOX 1032,1123 PARK VIEW DR,llc,True,True,True,False,large,True,"['4535 HARBOR BL', '4566 4568 HARBOR BL', '3480 3484 BEACHWORTH DR', '4580 4584 GLENGATE DR', '3442 3444 BEACHWORTH DR']",1.0,83,tier_1,"LLC entity (high investor probability); Large portfolio (15 properties); 80%+ properties are absentee-owned; PO Box address; Name contains investor keywords (Properties, Holdings, etc.)",High-Confidence Investor - Prime prospect
COLUMBUS CAPITAL PORTFOLIO LLC,15,10835700.0,2431 ATLANTIC AVE STE 1,PO BOX 9222,llc,True,True,False,True,large,True,"['0 MERIDIAN RD', '3117 3131 S ROTUNDA CT', '3112 3118 N ROTUNDA CT', '3102 3108 N ROTUNDA CT', '3111 3117 N ROTUNDA CT']",1.0,81,tier_1,"LLC entity (high investor probability); Large portfolio (15 properties); 80%+ properties are absentee-owned; Business address (suite/floor); Name contains investor keywords (Properties, Holdings, etc.)",High-Confidence Investor - Prime prospect
TAP RENTALS LLC,14,1223100.0,PO BOX 349,2969 JOHNSTOWN ALEXANDRIA RD,llc,True,True,True,False,large,True,"['0 SULLIVANT AV', '395 399 WREXHAM AV', '2006 SULLIVANT AV', '376 WREXHAM AV', '2012 SULLIVANT AV']",1.0,83,tier_1,"LLC entity (high investor probability); Large portfolio (14 properties); 80%+ properties are absentee-owned; PO Box address; Name contains investor keywords (Properties, Holdings, etc.)",High-Confidence Investor - Prime prospect
BALKAN PROPERTIES 1 LLC,14,1247900.0,PO BOX 1520,PO BOX 820,llc,True,True,True,False,large,True,"['299 WREXHAM AV', '322 WAYNE AV', '1405 MANCHESTER AV', '2194 AMHERST AV', '2271 GRASMERE AV']",1.0,83,tier_1,"LLC entity (high investor probability); Large portfolio (14 properties); 80%+ properties are absentee-owned; PO Box address; Name contains investor keywords (Properties, Holdings, etc.)",High-Confidence Investor - Prime prospect
BUSCH HOLDINGS LLC,14,1986800.0,PO BOX 933,PO BOX 1255,llc,True,True,True,False,large,True,"['1449 N CLEVELAND AV', '1241 1243 S OHIO AV', '1071 1073 S OHIO AV', '362 S TERRACE AV', '76 78 N TERRACE AV']",1.0,83,tier_1,"LLC entity (high investor probability); Large portfolio (14 properties); 80%+ properties are absentee-owned; PO Box address; Name contains investor keywords (Properties, Holdings, etc.)",High-Confidence Investor - Prime prospect
ONE 94 HOLDINGS LLC,14,207400.0,850 TWIN RIVERS DR PO BOX 2018,PO BOX 2018,llc,True,True,True,False,large,True,"['0 UNION AV', '188 N WAYNE AV', '0 PALMETTO ST', '2391 PALMETTO ST', '0 OGDEN AV']",1.0,83,tier_1,"LLC entity (high investor probability); Large portfolio (14 properties); 80%+ properties are absentee-owned; PO Box address; Name contains investor keywords (Properties, Holdings, etc.)",High-Confidence Investor - Prime prospect
SGE HOLDINGS LLC,13,2198600.0,6385 SHIER RINGS ROAD STE 4,901 CORPORATE CENTER DR,llc,True,True,False,True,large,True,"['824 CHESTERSHIRE RD', '2542 KREBER AV', '1000 CHESTERSHIRE RD', '1108 ELAINE RD', '1445 N CHESTERTON SQ']",1.0,81,tier_1,"LLC entity (high investor probability); Large portfolio (13 properties); 80%+ properties are absentee-owned; Business address (suite/floor); Name contains investor keywords (Properties, Holdings, etc.)",High-Confidence Investor - Prime prospect
BLUE HORIZON PROPERTIES GROUP LLC,13,1849900.0,6500 EMERALD PKWY STE 100,901 CORPORATE CENTER DR,llc,True,True,False,True,large,True,"['153 S PRINCETON AV', '1366 LOCKBOURNE AV', '133 S WHEATLAND AV', '232 S BURGESS AV', '205 S PRINCETON AV']",1.0,81,tier_1,"LLC entity (high investor probability); Large portfolio (13 properties); 80%+ properties are absentee-owned; Business address (suite/floor); Name contains investor keywords (Properties, Holdings, etc.)",High-Confidence Investor - Prime prospect
HEALTHY RENTAL HOMES V LLC,13,2407300.0,PO BOX 6063,PO BOX 77499,llc,True,True,True,False,large,True,"['1104 WILSON AV', '870 STUDER AV', '634 E MARKISON AV', '681 S TWENTY SECOND ST', '975 & 977 SIEBERT ST']",1.0,83,tier_1,"LLC entity (high investor probability); Large portfolio (13 properties); 80%+ properties are absentee-owned; PO Box address; Name contains investor keywords (Properties, Holdings, etc.)",High-Confidence Investor - Prime prospect
ADELINE PROPERTY INVESTMENTS LLC,13,2473200.0,PO BOX 2024,ATTN JOHN DEWITT PO BOX 2024,llc,True,True,True,False,large,True,"['1221 NORMAN DR', '5003 KEELSON DR', '5398 MOUNTVILLE AV', '3006 FALCON BRIDGE DR', '5423 ADDERLEY AV']",0.8461538461538461,83,tier_1,"LLC entity (high investor probability); Large portfolio (13 properties); 80%+ properties are absentee-owned; PO Box address; Name contains investor keywords (Properties, Holdings, etc.)",High-Confidence Investor - Prime prospect
HPA III ACQUISITIONS 1 LLC,12,2976100.0,120 S RIVERSIDE PLAZA SUITE 2000,PO BOX 4900,llc,True,True,False,True,large,True,"['1320 SEYMOUR AV', '2706 MAYWOOD DR', '1776 LARKWOOD PL', '5414 PALADIM RD', '2621 WEYBURN RD']",1.0,81,tier_1,"LLC entity (high investor probability); Large portfolio (12 properties); 80%+ properties are absentee-owned; Business address (suite/floor); Name contains investor keywords (Properties, Holdings, etc.)",High-Confidence Investor - Prime prospect
NELLAI ONE HOMES LLC,12,3398500.0,2246 S HAMILTON RD STE 101,2246 S HAMILTON RD STE 101,llc,True,True,False,True,large,True,"['363 379 N ROOSEVELT AV', '2378 2382 NEIL AV', '1311 ORCHARD PARK DR', '1313 ORCHARD PARK DR', '1315 ORCHARD PARK DR']",0.9166666666666666,81,tier_1,"LLC entity (high investor probability); Large portfolio (12 properties); 80%+ properties are absentee-owned; Business address (suite/floor); Name contains investor keywords (Properties, Holdings, etc.)",High-Confidence Investor - Prime prospect
GREEN HORSE GROUP LLC,12,2521900.0,6545 MARKET AV N STE 100,PO BOX 30892,llc,True,True,False,True,large,True,"['724 LINWOOD AV', '1004 LINWOOD AV', '882 E LIVINGSTON AV', '827 S TWENTY SECOND ST', '872 E LIVINGSTON AV']",1.0,81,tier_1,"LLC entity (high investor probability); Large portfolio (12 properties); 80%+ properties are absentee-owned; Business address (suite/floor); Name contains investor keywords (Properties, Holdings, etc.)",High-Confidence Investor - Prime prospect
KFC US PROPERTIES INC,12,4258000.0,PO BOX 35370,3304 ESSEX DR,corporation,True,True,True,False,large,True,"['1671 DUBLIN GRANVILLE RD', '688 E FIFTH AV', '1990 E MAIN ST', '711 BETHEL RD', '3414 SULLIVANT AV']",1.0,80,tier_1,"Corporation (likely investor); Large portfolio (12 properties); 80%+ properties are absentee-owned; PO Box address; Name contains investor keywords (Properties, Holdings, etc.)",High-Confidence Investor - Prime prospect
HOTZ PROPERTIES LLC,11,1833200.0,6605 LONGSHORE ST STE 240 # 352,PO BOX 9202,llc,True,True,False,True,large,True,"['4950 DUNLAP RD', '1421 S WEYANT AV', '2207 E FENTON ST', '5043 TEDDY DR', '657 JOYFUL ST']",1.0,81,tier_1,"LLC entity (high investor probability); Large portfolio (11 properties); 80%+ properties are absentee-owned; Business address (suite/floor); Name contains investor keywords (Properties, Holdings, etc.)",High-Confidence Investor - Prime prospect
JRM RENTALS LLC,11,1493300.0,PO BOX 30382,PO BOX 30382,llc,True,True,True,False,large,True,"['336 NASHOBA AV', '2159 WILLAMONT AV', '2143 WOODWARD AV', '1634 HUDSON ST', '4971 FOLGER DR']",0.8181818181818182,83,tier_1,"LLC entity (high investor probability); Large portfolio (11 properties); 80%+ properties are absentee-owned; PO Box address; Name contains investor keywords (Properties, Holdings, etc.)",High-Confidence Investor - Prime prospect
GCH RENTALS LLC,10,1485500.0,PO BOX 123,PO BOX 9202,llc,True,True,True,False,large,True,"['101 N ROYS AV', '105 N BRINKER AV', '586 S OGDEN AV', '825 S HAGUE AV', '763 S HAGUE AV']",1.0,83,tier_1,"LLC entity (high investor probability); Large portfolio (10 properties); 80%+ properties are absentee-owned; PO Box address; Name contains investor keywords (Properties, Holdings, etc.)",High-Confidence Investor - Prime prospect
GCH HOMES LLC,10,1710300.0,PO BOX 123,PO BOX 9202,llc,True,True,True,False,large,True,"['1306 OAKLAND PARK AV', '1393 FOURTH ST', '285 JOSEPHINE AV', '213 N KELLNER RD', '3111 DRESDEN ST']",1.0,83,tier_1,"LLC entity (high investor probability); Large portfolio (10 properties); 80%+ properties are absentee-owned; PO Box address; Name contains investor keywords (Properties, Holdings, etc.)",High-Confidence Investor - Prime prospect
FITZGERALD HOMES LLC,10,406000.0,PO BOX 188,PO BOX 9202,llc,True,True,True,False,large,True,"['792 E MOUND ST', '794 E MOUND ST', '796 E MOUND ST', '798 E MOUND ST', '800 E MOUND ST']",1.0,83,tier_1,"LLC entity (high investor probability); Large portfolio (10 properties); 80%+ properties are absentee-owned; PO Box address; Name contains investor keywords (Properties, Holdings, etc.)",High-Confidence Investor - Prime prospect
ONE 1301 HOLDINGS LLC,10,178700.0,850 TWIN RIVERS DR PO BOX 2018,PO BOX 2018,llc,True,True,True,False,large,True,"['0 OLMSTEAD AV', '1018 SHOEMAKER AV', '0 HANLEY ST', '0 ST CLAIR AV', '432 HAMILTON AV']",1.0,83,tier_1,"LLC entity (high investor probability); Large portfolio (10 properties); 80%+ properties are absentee-owned; PO Box address; Name contains investor keywords (Properties, Holdings, etc.)",High-Confidence Investor - Prime prospect
TRUE NORTH PROPERTY OWNER C LLC,10,2381800.0,PO BOX 4090,1134 W HUBBARD ST FL3,llc,True,True,True,False,large,True,"['1512 BERKHARD DR', '3221 PAYDAY LN', '3341 PAYDAY LN', '2620 SPARROW HILL DR', '4880 GRIMM DR']",1.0,83,tier_1,"LLC entity (high investor probability); Large portfolio (10 properties); 80%+ properties are absentee-owned; PO Box address; Name contains investor keywords (Properties, Holdings, etc.)",High-Confidence Investor - Prime prospect
PACIFIC COAST CAPITAL INVESTORS LLC,10,2559900.0,1575 BAYSHORE HIGHWAY SUITE 100,1575 BAYSHORE HWY STE 100,llc,True,True,False,True,large,True,"['1250 LOCKHURST AV', '0 LOCKHURST RD', '1212 LOCKHURST RD', '1220 LOCKHURST RD', '1224 LOCKHURST RD']",1.0,81,tier_1,"LLC entity (high investor probability); Large portfolio (10 properties); 80%+ properties are absentee-owned; Business address (suite/floor); Name contains investor keywords (Properties, Holdings, etc.)",High-Confidence Investor - Prime prospect
REX RESIDENTIAL PROPERTY OWNER A LLC,10,1631600.0,3500  PARK CENTER DR STE 100,16220 N SCOTTSDALE RD STE 650,llc,True,True,False,True,large,True,"['1587 BASIL DR', '4710 ROBINHOOD PK', '1818 NEWFIELD RD', '3763 E AMWELL RD', '1804 WYTON CT']",1.0,81,tier_1,"LLC entity (high investor probability); Large portfolio (10 properties); 80%+ properties are absentee-owned; Business address (suite/floor); Name contains investor keywords (Properties, Holdings, etc.)",High-Confidence Investor - Prime prospect
KSI REALTY GROUP LLC,10,1049400.0,1820 NORTHWEST BLVD STE 200,5338 STOCKTON CT,llc,True,True,False,True,large,True,"['463 E GATES ST', '465 E GATES ST', '467 E GATES ST', '469 E GATES ST', '471 E GATES ST']",1.0,81,tier_1,"LLC entity (high investor probability); Large portfolio (10 properties); 80%+ properties are absentee-owned; Business address (suite/floor); Name contains investor keywords (Properties, Holdings, etc.)",High-Confidence Investor - Prime prospect
