id,source,title,description,price,address,city,state,phone,email,url,posted_date,scraped_at,status,notes
CL-60258,craigslist,WE DO PROPERTY CLEAN-UPS {{{ INSIDE AND OUT }}} ALL TYPES,,0,ALL OVER,Columbus,OH,,,https://columbus.craigslist.org/reo/d/columbus-we-do-property-clean-ups/7905872096.html,,2026-01-17T12:25:09.077954,new,
CL-17959,craigslist,"Richwood, Ohio",,139400,,Columbus,OH,,,https://columbus.craigslist.org/reo/d/marengo-richwood-ohio/7909211954.html,,2026-01-17T12:25:09.078006,new,
CL-42845,craigslist,3 BED 2 FULL BATH Manufactured Home,,34000,Grove City,Columbus,OH,,,https://columbus.craigslist.org/reo/d/harrisburg-bed-full-bath-manufactured/7909204371.html,,2026-01-17T12:25:09.078014,new,
CL-06016,craigslist,House for sale,,645000,,Columbus,OH,,,https://columbus.craigslist.org/reo/d/westerville-house-for-sale/7909157071.html,,2026-01-17T12:25:09.078021,new,
CL-14523,craigslist,3 acre country lot,,91000,Mt. Gilead,Columbus,OH,,,https://columbus.craigslist.org/reo/d/mount-gilead-acre-country-lot/7907439241.html,,2026-01-17T12:25:09.078048,new,
CL-55190,craigslist,Single Family Home,,125000,Columbus,Columbus,OH,,,https://columbus.craigslist.org/reo/d/reynoldsburg-single-family-home/7908894286.html,,2026-01-17T12:25:09.078054,new,
CL-50375,craigslist,Large 1 bedroom upstairs apartment,,795,Newark,Columbus,OH,,,https://columbus.craigslist.org/reo/d/newark-large-bedroom-upstairs-apartment/7906518595.html,,2026-01-17T12:25:09.078056,new,
CL-43642,craigslist,"/acre 202.749 Acre Fayette Co. Farm for Sale Barn Lot 3,489’ Frontage",,19000,US Hwy 62 NE Washington Court House,Columbus,OH,,,https://columbus.craigslist.org/reo/d/bloomingburg-acre-acre-fayette-co-farm/7907496714.html,,2026-01-17T12:25:09.078059,new,
CL-66309,craigslist,Contractor Opportunity !!,,0,,Columbus,OH,,,https://columbus.craigslist.org/reo/d/columbus-contractor-opportunity/7905606630.html,,2026-01-17T12:25:09.078066,new,
CL-31181,craigslist,Mobile Home,,15000,Lancaster,Columbus,OH,,,https://columbus.craigslist.org/reo/d/lancaster-mobile-home/7906999522.html,,2026-01-17T12:25:09.078069,new,
CL-63682,craigslist,half duplex reduced,,224000,Edgewater fl,Columbus,OH,,,https://columbus.craigslist.org/reo/d/edgewater-half-duplex-reduced/7907764151.html,,2026-01-17T12:25:09.078071,new,
CL-01156,craigslist,10-41 acres of land,,50000,Marysville,Columbus,OH,,,https://columbus.craigslist.org/reo/d/raymond-acres-of-land/7904123895.html,,2026-01-17T12:25:09.078073,new,
CL-48252,craigslist,41.5 acres,,0,Marysville,Columbus,OH,,,https://columbus.craigslist.org/reo/d/raymond-415-acres/7904123744.html,,2026-01-17T12:25:09.078074,new,
CL-18488,craigslist,House for rent Columbus 43219,,2000,Columbus,Columbus,OH,,,https://columbus.craigslist.org/reo/d/columbus-house-for-rent-columbus-43219/7902169684.html,,2026-01-17T12:25:09.078076,new,
CL-14042,craigslist,Double Lot a Developer's Dream,,81960,Columbus / South of Main,Columbus,OH,,,https://columbus.craigslist.org/reo/d/columbus-double-lot-developers-dream/7900854307.html,,2026-01-17T12:25:09.078100,new,
CL-36239,craigslist,Hands Down THE Most Charming and Unique House in All of South Linden,,184900,south Linden,Columbus,OH,,,https://columbus.craigslist.org/reo/d/columbus-hands-down-the-most-charming/7900627621.html,,2026-01-17T12:25:09.078105,new,
CL-16019,craigslist,Wanted to buy: Acreage,,1,Ohio,Columbus,OH,,,https://columbus.craigslist.org/reo/d/ashville-wanted-to-buy-acreage/7907924992.html,,2026-01-17T12:25:09.078108,new,
CL-18057,craigslist,Welcome to your Outdoor Wonderland-Foster’s Preserve!,,799000,"Snowshoe, WV",Columbus,OH,,,https://columbus.craigslist.org/reo/d/snowshoe-welcome-to-your-outdoor/7907617180.html,,2026-01-17T12:25:09.078112,new,
CL-93752,craigslist,Short North 2nd & 3rd Floor Townhome,,1150,Victorian Village,Columbus,OH,,,https://columbus.craigslist.org/reo/d/columbus-short-north-2nd-3rd-floor/7907249509.html,,2026-01-17T12:25:09.078114,new,
CL-78768,craigslist,House near casino,,260000,,Columbus,OH,,,https://columbus.craigslist.org/reo/d/columbus-house-near-casino/7907042369.html,,2026-01-17T12:25:09.078122,new,
CL-66654,craigslist,2 br house on nice lot 1 car garage north newark,,135000,Newark,Columbus,OH,,,https://columbus.craigslist.org/reo/d/newark-br-house-on-nice-lot-car-garage/7904230635.html,,2026-01-17T12:25:09.078124,new,
CL-35014,craigslist,church for sale handyman special,,299000,,Columbus,OH,,,https://columbus.craigslist.org/reo/d/columbus-church-for-sale-handyman/7906689191.html,,2026-01-17T12:25:09.078125,new,
CL-47769,craigslist,i n country three bedroom house for rent,,900,Thornville Ohio,Columbus,OH,,,https://columbus.craigslist.org/reo/d/thornville-n-country-three-bedroom/7905048106.html,,2026-01-17T12:25:09.078143,new,
CL-46848,craigslist,Real Estate Note For Sale,,0,Columbus,Columbus,OH,,,https://columbus.craigslist.org/reo/d/columbus-real-estate-note-for-sale/7901004717.html,,2026-01-17T12:25:09.078177,new,
CL-22400,craigslist,---------RESORT AREA LOT FOR SALE WITH EASY TERMS--------------,,0,,Columbus,OH,,,https://columbus.craigslist.org/reo/d/alexandria-resort-area-lot-for-sale/7901896798.html,,2026-01-17T12:25:09.078180,new,
CL-98421,craigslist,Wonderful resort lots available-all are buildable awith easy terms,,0,,Columbus,OH,,,https://columbus.craigslist.org/reo/d/westerville-wonderful-resort-lots/7902963233.html,,2026-01-17T12:25:09.078182,new,
CL-38783,craigslist,"Richwood, Ohio",,139400,,Columbus,OH,,,https://columbus.craigslist.org/reo/d/marengo-richwood-ohio/7905630535.html,,2026-01-17T12:25:09.078184,new,
CL-42132,craigslist,20.22 Acres Prime Farm Ground,,450000,"London, OH",Columbus,OH,,,https://columbus.craigslist.org/reo/d/london-2022-acres-prime-farm-ground/7905588726.html,,2026-01-17T12:25:09.078186,new,
CL-01364,craigslist,In country three bedroom trailer for rent,,900,Thornville Ohio,Columbus,OH,,,https://columbus.craigslist.org/reo/d/thornville-in-country-three-bedroom/7905047966.html,,2026-01-17T12:25:09.078188,new,
CL-21517,craigslist,i n country one bedroom trailer for rent,,600,Thornville Ohio,Columbus,OH,,,https://columbus.craigslist.org/reo/d/thornville-n-country-one-bedroom/7902374930.html,,2026-01-17T12:25:09.078190,new,
CL-27995,craigslist,House (4 Bedroom & Full Basement),,1450,Columbus,Columbus,OH,,,https://columbus.craigslist.org/reo/d/columbus-house-bedroom-full-basement/7905024329.html,,2026-01-17T12:25:09.078192,new,
CL-83865,craigslist,"Richwood, Ohio",,139400,,Columbus,OH,,,https://columbus.craigslist.org/reo/d/marengo-richwood-ohio/7905022005.html,,2026-01-17T12:25:09.078194,new,
CL-84434,craigslist,Grove City 3BR 2 BA- HUGE PRICE DROP,,103400,Grove City,Columbus,OH,,,https://columbus.craigslist.org/reo/d/harrisburg-grove-city-3br-ba-huge-price/7902527569.html,,2026-01-17T12:25:09.078196,new,
CL-81308,craigslist,Seller FINANCING Available! 131 Natalie Way Granville Ohio,,493000,,Columbus,OH,,,https://columbus.craigslist.org/reo/d/granville-seller-financing-available/7902447579.html,,2026-01-17T12:25:09.078198,new,
CL-58296,craigslist,Retail spaces for rent in a neighborhood strip mall (Lancaster),,675,"Lancaster, Ohio",Columbus,OH,,,https://columbus.craigslist.org/reo/d/lancaster-retail-spaces-for-rent-in/7901492397.html,,2026-01-17T12:25:09.078200,new,
CL-80627,craigslist,4 Bedroom 2 Full Bath Cranbrook/Upper Arlington home for rent,,2650,Cranbrook,Columbus,OH,,,https://columbus.craigslist.org/reo/d/columbus-bedroom-full-bath-cranbrook/7901374784.html,,2026-01-17T12:25:09.078202,new,
CL-28513,craigslist,Single Family Home in Columbus available for sale,,165000,Columbus,Columbus,OH,,,https://columbus.craigslist.org/reo/d/columbus-single-family-home-in-columbus/7900461923.html,,2026-01-17T12:25:09.078203,new,
CL-01835,craigslist,"$169,800 SFR Note Earn Passive 11%",,0,$1555+ Monthly Income,Columbus,OH,,,https://columbus.craigslist.org/reo/d/warren-sfr-note-earn-passive-11/7900053209.html,,2026-01-17T12:25:09.078205,new,
